Title,Source,Challenge,Author,Type of Tool,Prevention,Resilience,Recovery,Gender & Inclusion,Legal,Institutional,Management
Electoral Justice System Assessment Guide,https://www.idea.int/publications/catalogue/electoral-justice-system-assessment-guide ,Autocratization,IDEA,Assessment,Yes,Yes,No,Yes,Yes,No,No
Access to Justice and Electoral Integrity,https://www.kofiannanfoundation.org/electoral-integrity/justice-electoral-integrity-initiative/ ,Autocratization,Kofi Annan Foundation,Knowledge,Yes,No,No,No,Yes,No,No
"Guidelines for Understanding, Adjudicating and Resolving Disputes in Elections (GUARDE) ",https://www.ifes.org/publications/guidelines-understanding-adjudicating-and-resolving-disputes-elections-guarde ,Autocratization,IFES,Assessment,Yes,Yes,Yes,No,Yes,No,No
Getting away with foul play? The importance of formal and informal oversight institutions for electoral integrity,https://ejpr.onlinelibrary.wiley.com/doi/full/10.1111/1475-6765.12189,Autocratization,"SARAH BIRCH, CAROLIEN VAN HAM (2017)",Knowledge,No,No,No,No,No,Yes,No
Challenge or Consent? Understanding Losers’ Reactions in Mass Elections,https://www.cambridge.org/core/journals/government-and-opposition/article/abs/challenge-or-consent-understanding-losers-reactions-in-mass-elections/371A00D4160C0DD4126AA69024C7F0E0,Autocratization,"Lago, I., & Martinez i Coma, F. (2017). ",Knowledge,No,No,No,No,Yes,Yes,Yes
"Building impartial electoral management? Institutional design, independence and electoral integrity",https://journals.sagepub.com/doi/full/10.1177/0192512119834573,Autocratization,"van Ham, C., & Garnett, H. A. (2019). ",Knowledge,No,No,No,No,No,Yes,No
Strengthening the Resilience of Political Institutions and Processes: A Framework of Analysis,Strengthening the Resilience of Political Institutions and Processes: A Framework of Analysis | Connections: The Quarterly Journal (connections-qj.org),Autocratization,Nicolae-Sergiu,Knowledge,Yes,Yes,Yes,No,No,Yes,No
Media and Elections: A Guide for Electoral Practitioners,https://www.eods.eu/library/UNDP-Media_and_Elections_LR.pdf,Autocratization,UNDP,Knowledge,No,No,No,No,Yes,No,No
Electoral backsliding?A global overview and analysis of the drivers of electoral integrity trends,https://www.dropbox.com/sh/lmpu9zy2s4sfa7y/AABgc87YoAnvWFWkzFcJL7dja?dl=0&preview=Garnett-James+Electoral+Backsliding+v1.00.pdf,Autocratization,Holly Ann Garnett  &Toby S. James  2022,Knowledge,No,No,No,No,Yes,No,No
Election Rigging and How to Fight It,https://muse.jhu.edu/article/200105,Autocratization,Daniel Calingaert (2006),Knowledge,No,No,No,No,Yes,Yes,Yes
Electoral system design,https://www.idea.int/publications/catalogue/electoral-system-design-new-international-idea-handbook,Autocratization,IDEA,Knowledge,Yes,No,No,No,Yes,No,No
"Leadership in Crisis: Ensuring Independence, Ethics and Resilience in the Electoral Process  ",https://www.ifes.org/publications/leadership-crisis-ensuring-independence-ethics-and-resilience-electoral-process-0,Autocratization,IFES,Knowledge,Yes,Yes,Yes,Yes,No,No,Yes
IFES Executive Curriculum in Electoral Leadership (iEXCEL) ,https://www.ifes.org/iEXCEL,Autocratization,IFES,Training,Yes,Yes,Yes,No,No,No,Yes
Deepening Democracy: A Strategy for Improving the Integrity of Elections Worldwide ,https://www.kofiannanfoundation.org/electoral-integrity/deepening-democracy-summary/ ,Autocratization,Kofi Annan Foundation,Knowledge,Yes,Yes,No,Yes,No,No,No
USAID's New Electoral Assessment Framework: A Blueprint for Assessing Challenges and Opportunities in Elections and Political Processes ,https://usaidlearninglab.org/resources/usaids-new-electoral-assessment-framework-blueprint-assessing-challenges-and,Autocratization,USAID,Assessment,Yes,No,Yes,Yes,No,No,No
The Integrity of Elections in Asia: Policy Lessons from Expert Evaluations,https://onlinelibrary.wiley.com/doi/full/10.1111/aspp.12416,Autocratization,Max Grömping (2018),Knowledge,No,No,No,No,Yes,No,No
How to Vet Poll Workers to Mitigate Future Election Subversion Efforts,https://securingdemocracy.gmfus.org/vetting-poll-workers,Autocratization,"Alliance for Securing Democracy, GMF",Knowledge,Yes,Yes,Yes,No,No,No,Yes
CHAIN OF CUSTODY BEST PRACTICES,https://www.eac.gov/sites/default/files/bestpractices/Chain_of_Custody_Best_Practices.pdf,Malfunctions,U.S. EAC,Assessment,No,No,No,No,No,No,Yes
Electoral Management Design: Revised Edition ,https://www.idea.int/publications/catalogue/electoral-management-design-revised-edition?lang=en,Malfunctions,IDEA,Knowledge,Yes,No,No,Yes,No,No,No
ACE Voting Operations: Crisis management ,https://aceproject.org/ace-en/topics/vo/vog/vog02/vog02f,Malfunctions,ACE,Knowledge,Yes,No,Yes,No,No,No,Yes
Electoral integrity: Reputation Management Strategy,https://www.aec.gov.au/About_AEC/files/electoral-integrity-reputation-management-strategy-2021.pdf,Malfunctions,AEC,Knowledge,Yes,No,Yes,No,No,No,Yes
Corporate Plan 2022–23  ,https://www.aec.gov.au/About_AEC/Publications/corporate-plan/files/2022/2022-corporate-plan.pdf,Malfunctions,AEC,Knowledge,Yes,Yes,No,No,No,No,Yes
Strategic Planning for Effective Electoral Management - A Practical Guide for Election Management Bodies to Conduct a Strategic Planning Exercise,https://www.ifes.org/publications/strategic-planning-effective-electoral-management,Malfunctions,IFES,Assessment,Yes,No,No,No,No,No,Yes
Implementing and Overseeing Electronic Voting and Counting Technologies,https://www.ndi.org/sites/default/files/Implementing_and_Overseeing_Electronic_Voting_and_Counting_Technologies.pdf ,Malfunctions,USAID & IFES & NDI,Assessment,Yes,No,No,No,No,No,Yes
Special Voting Arrangements: Between the Convenience of Voting and the Integrity of Elections ,https://www.idea.int/publications/catalogue/special-voting-arrangements-convenience-of-voting,Malfunctions,IDEA,Knowledge,Yes,Yes,No,No,No,No,No
Course on sustainability in electoral administration,file:///C:/Users/JuliaThalin/Zotero/storage/BCSQMHAB/elearning.ec-undp-electoralassistance.org.html,Malfunctions,UNDP,Training,No,Yes,No,No,No,No,Yes
IFES Operational Planning Guide,https://www.ifes.org/document/ifes-operational-planning-guidepdf ,Malfunctions,IFES,Assessment,Yes,Yes,No,Yes,No,No,Yes
Master of Electoral Policy and Administration: An Overview of the Model Curriculum ,https://www.idea.int/publications/catalogue/master-electoral-policy-and-administration-overview-model-curriculum ,Malfunctions,IDEA,Training,Yes,No,No,No,No,No,Yes
Strategic Planning for Electoral Management Bodies,https://www.eces.eu/en/posts/strategic-planning-for-electoral-management-bodies- ,Malfunctions,ECES  ,Assessment,Yes,Yes,No,No,No,No,Yes
Out-of-Country Voting: A Brief Overview ,https://www.ifes.org/publications/out-country-voting-brief-overview-0 ,Malfunctions,IFES,Knowledge,Yes,No,No,No,No,Yes,No
Vaalijärjestelmän resilienssi,https://julkaisut.valtioneuvosto.fi/handle/10024/164457 ,Malfunctions,FI Oikeusministeriö,Knowledge,Yes,Yes,Yes,No,No,No,No
Masters in International Electoral Management and Practices (MIEMP),https://admissions.tiss.edu/view/10/admissions/ma-admissions/masters-in-international-electoral-management-and-/,Malfunctions,"IIIDEM & School of Development Studies
",Training,Yes,No,No,No,No,No,Yes
Electoral management and the organisational determinants of electoral integrity: Introduction,https://journals.sagepub.com/doi/full/10.1177/0192512119828206,Malfunctions,"James, T. S., Garnett, H. A., Loeber, L., & van Ham, C. (2019)",Knowledge,No,No,No,No,No,No,Yes
Identifying the determinants of electoral integrity and administration in advanced democracies: the case of Britain,https://www.cambridge.org/core/journals/european-political-science-review/article/identifying-the-determinants-of-electoral-integrityand-administration-in-advanced-democraciesthe-case-of-britain/4B51C001A3133DD2E7C81DF9DAE4E914,Malfunctions,Alistair Clark (2016),Knowledge,No,No,No,No,No,Yes,No
"Remote Electronic Voting: Free, Fair and Secret?",https://onlinelibrary.wiley.com/doi/abs/10.1111/j.1467-923X.2004.00572.x,Malfunctions,"Sarah Birch, Bob Watt (2008)",Knowledge,No,No,No,No,Yes,No,No
Election Management Training Course (EMT 20),https://www.kaiptc.org/kaiptc-course/emt20/ ,Malfunctions,KAIPTC ,Training,Yes,No,No,Yes,No,No,Yes
Voting From Abroad: The International IDEA Handbook ,https://www.idea.int/publications/catalogue/voting-abroad-international-idea-handbook,Malfunctions,IDEA,Knowledge,No,No,No,No,Yes,No,No
‘The public funding of election administration: Evidence from a British general election,https://journals.sagepub.com/doi/10.1177/14789299221148429,Malfunctions,"Clark, A (2023)",Knowledge,No,No,No,No,No,Yes,No
"Comparative Electoral ManagementPerformance, Networks and Instruments",https://www.routledge.com/Comparative-Electoral-Management-Performance-Networks-and-Instruments/James/p/book/9781032086422,Malfunctions,"James, T. S. (2020)",knowledge & assessment,No,No,No,No,No,No,No
Deepening Democracy: A Strategy for Improving the Integrity of Elections Worldwide ,https://www.kofiannanfoundation.org/electoral-integrity/deepening-democracy-summary/ ,Malfunctions,Kofi Annan Foundation,Knowledge,Yes,Yes,No,Yes,No,No,No
Evaluating election management body capacity,https://www.jstor.org/stable/26956792,Malfunctions,"Garnett, H. A., (2019)",Knowledge,No,No,No,No,No,No,Yes
Assessing Electoral Fraud in New Democracies: A Basic Conceptual Framework ,https://www.ifes.org/publications/assessing-electoral-fraud-new-democracies-basic-conceptual-framework ,Malpractices,IFES,Knowledge,Yes,Yes,Yes,No,Yes,Yes,Yes
Electoral integrity: Reputation Management Strategy,https://www.aec.gov.au/About_AEC/files/electoral-integrity-reputation-management-strategy-2021.pdf,Malpractices,AEC,Knowledge,Yes,No,Yes,No,No,No,Yes
Corporate Plan 2022–23  ,https://www.aec.gov.au/About_AEC/Publications/corporate-plan/files/2022/2022-corporate-plan.pdf,Malpractices,AEC,Knowledge,Yes,Yes,No,No,No,No,Yes
VOTE BUYING International IDEA Electoral Processes Primer 2,https://www.idea.int/publications/catalogue/vote-buying,Malpractices,IDEA,Knowledge,Yes,No,No,No,Yes,No,No
How Citizen Organizations Can Monitor Abuse of States Resources in Elections: An NDI Guidance Document,https://www.ndi.org/publications/how-citizen-organizations-can-monitor-abuse-states-resources-elections-ndi-guidance,Malpractices,NDI,Knowledge,Yes,Yes,No,No,No,No,No
Master of Electoral Policy and Administration: An Overview of the Model Curriculum ,https://www.idea.int/publications/catalogue/master-electoral-policy-and-administration-overview-model-curriculum ,Malpractices,IDEA,Training,Yes,No,No,No,No,No,No
Protecting Politics: Deterring the Influence of Organized Crime on Elections,https://www.idea.int/publications/catalogue/protecting-politics-deterring-influence-organized-crime-elections?lang=en ,Malpractices,IDEA,Knowledge,Yes,No,No,No,Yes,No,No
Electoral malpractice,Electoral Malpractice - Sarah Birch - Google Books,Malpractices,Sarah Birch (2011),Knowledge,No,No,No,No,No,No,No
"Electoral Fraud: Causes, Types, and Consequences",https://www.researchgate.net/publication/228913438_Electoral_Fraud_Causes_Types_and_Consequences,Malpractices,Fabrice Lehoucq (2003),Knowledge,No,No,No,No,No,No,No
Electoral Malpractice Primer: Insights and Priorities,Expert survey report (aceproject.org),Malpractices,Creative Associates (2012),Knowledge,No,No,No,No,No,No,No
 Abuse of State Resources Research and Assessment Framework Guidelines for the Democracy and Governance Community of Practice,abuse_of_state_resources_research_and_assessment_framework_guidelines_for_the_democracy_and_governance_community_of_practice.pdf (ifes.org),Malpractices,IFES,Assessment,Yes,No,No,Yes,No,No,No
Electoral Integrity ,https://doi-org.uea.idm.oclc.org/10.1093/oxfordhb/9780198825081.013.5,Malpractices,Van Ham (2020),Knowledge,No,No,No,No,Yes,Yes,Yes
ElectionFraud: Detecting and Deterring Electoral Manipulation,https://books.google.se/books?hl=en&lr=&id=HeUyo5RcI7wC&oi=fnd&pg=PP1&ots=n0sb3Alprl&sig=iHevdJVw_GSrVvCv0RJSQrY8qDQ&redir_esc=y#v=onepage&q&f=false,Malpractices,"Alvarez, R. Michael, Thad E. Hall, and Hyde, Susan D., eds. (2008).",Knowledge,Yes,No,No,No,No,No,No
Electoral Systems and Electoral Misconduct,https://journals.sagepub.com/doi/abs/10.1177/0010414006292886?journalCode=cpsa,Malpractices,"Birch, Sarah (2008)",Knowledge,No,No,No,No,Yes,No,No
Free and fair elections: A new database,https://doi.org/10.1177/0022343316642508,Malpractices,"Bishop, S., & Hoeffler, A. (2016).",Assessment,No,No,No,No,No,No,No
Defending Democratic Norms: International Actors and the Politics of Electoral Misconduct,https://books.google.se/books?hl=en&lr=&id=cWkDAAAAQBAJ&oi=fnd&pg=PP1&ots=2eQpWPS_ZF&sig=bct-SgbD7s2SzQQpG1q9nhm9IK0&redir_esc=y#v=onepage&q&f=false,Malpractices,"Donno, D (2013)",Knowledge,No,Yes,Yes,No,No,No,No
"Explaining electoral fraud in an advanced democracy: Fraud vulnerabilities, opportunities and facilitating mechanisms in British elections",https://doi.org/10.1177/1369148117715222,Malpractices,"Hill, E., Sobolewska, M., Wilks-Heeg, S., & Borkowska, M. (2017). ",Knowledge,No,No,No,No,Yes,Yes,Yes
Handbook on Election Observation: 6th Edition (2010),https://www.osce.org/odihr/elections/68439,Malpractices,OSCE/ODIHR,Knowledge & Assessment,Yes,No,Yes,Yes,No,No,No
Systematic Methods for Advancing Election Observation,https://www.ndi.org/sites/default/files/Systematic%20Methods%20for%20Advancing%20Election%20Observation_WAEON_EN.pdf,Malpractices,NDI and WAEON,Assessment,Yes,No,No,Yes,No,No,No
Handbook on Observing Electronic Voting ,https://www.cartercenter.org/resources/pdfs/peace/democracy/des/Carter-Center-E_voting-Handbook.pdf,Malpractices,The Carter Center,Knowledge & Assessment,Yes,No,Yes,No,No,No,No
Election Access Observation Toolkit,https://www.ifes.org/publications/election-access-observation-toolkit,Malpractices,IFES,Knowledge & Assessment,Yes,No,No,Yes,No,No,No
Monitoring Election Campaign Finance: A Handbook for NGOs,https://www.justiceinitiative.org/publications/monitoring-election-campaign-finance-handbook-ngos,Malpractices,Open Society Justice Initiative,Knowledge,Yes,No,No,No,No,No,No
ASSESSING AND VERIFYING ELECTION RESULTS A DECISION-MAKER’S GUIDE TO PARALLEL VOTE TABULATION AND OTHER TOOLS,https://2017-2020.usaid.gov/sites/default/files/documents/1866/DI%20Assessing%20and%20Verifying%20Election%20Results%20Summary%20Document%20-%20FINAL%20PDF%20%28without%20bleeds%29%20%285-19-15%29.pdf,Malpractices,USAID,Assessment,Yes,No,No,No,No,No,No
Adoption of Voting Technology: A Guide for Electoral Stakeholders in Indonesia,https://www.idea.int/publications/catalogue/adoption-voting-technology-guide-electoral-stakeholders-indonesia ,Malpractices,IDEA,Knowledge,Yes,No,No,No,No,No,Yes
Electronic Elections: The Perilsand Promises of Digital Democracy,https://books.google.se/books?hl=en&lr=&id=OOhhIGSca7gC&oi=fnd&pg=PP1&ots=c6XXGTWok2&sig=VCaD1jmlJBY64JB410klzOpbj8U&redir_esc=y#v=onepage&q&f=false,Malpractices,"Alvarez, R. Michael, and Thad E. Hall (2008).",Knowledge,Yes,No,No,No,Yes,Yes,Yes
Effective Electoral Assistance (EEA),https://www.eces.eu/en/eea-training,Malpractices,ECES,Training,Yes,No,No,No,Yes,Yes,Yes
Master of Electoral Policy and Administration: An Overview of the Model Curriculum ,https://www.idea.int/publications/catalogue/master-electoral-policy-and-administration-overview-model-curriculum ,Malpractices,IDEA,Training,Yes,No,No,Yes,No,No,No
How More Robust Election Observation Could Help Save U.S. Elections,https://securingdemocracy.gmfus.org/how-more-robust-election-observation-could-help-save-u-s-elections,Malpractices,"Alliance for Securing Democracy, GMF",Knowledge,Yes,No,No,No,No,No,No
Elections on Trial: The Effective Management of Election Disputes and Violations,https://www.ifes.org/publications/elections-trial-effective-management-election-disputes-and-violations,Malpractices,IFES,Knowledge,No,No,No,No,Yes,No,No
When Are Elections Good Enough? Validating or Annulling Election Results ,https://electionjudgments.org/en/entity/4r1e4j8ly56?page=4,Malpractices,IFES,Knowledge,No,No,Yes,No,Yes,No,No
Introducing Biometric Technology in Elections,https://www.idea.int/sites/default/files/publications/introducing-biometric-technology-in-elections-reissue.pdf,Malpractices,IDEA,Knowledge,Yes,No,No,No,No,Yes,No
Using international law to assess elections,https://doi.org/10.1080/13510341003700253,Malpractices,Avery Davis-Roberts∗ and David J. Carroll,Knowledge,No,No,No,No,Yes,No,No
USAID's New Electoral Assessment Framework: A Blueprint for Assessing Challenges and Opportunities in Elections and Political Processes ,https://usaidlearninglab.org/resources/usaids-new-electoral-assessment-framework-blueprint-assessing-challenges-and,Malpractices,USAID,Assessment,Yes,No,Yes,Yes,No,No,No
The Integrity of Elections in Asia: Policy Lessons from Expert Evaluations,https://onlinelibrary.wiley.com/doi/full/10.1111/aspp.12416,Malpractices,Max Grömping (2018),Knowledge,No,No,No,No,Yes,No,No
Measuring electoral integrity: Using practitioner knowledge to assess elections,https://www.tandfonline.com/doi/abs/10.1080/17457289.2020.1824186?journalCode=fbep20,Malpractices,"Garnett, H. and James, T. S. (2021)",Knowledge,No,No,No,Yes,Yes,Yes,Yes
PHYSICAL SECURITY PREPAREDNESS AT VOTING LOCATIONS AND ELECTION FACILITIES,Election Security - Physical Security of Voting Locations and Election Facilities (cisa.gov),Violence,U.S. EAC,Knowledge,Yes,Yes,Yes,No,No,No,Yes
CISA's office for bombing prevention (OBP),tripwire.dhs.gov/training-education/counter-ied-training-0,Violence,CISA ,Training,Yes,No,Yes,No,No,No,Yes
CISA Exercises,www.cisa.gov/critical-infrastructure-exercises,Violence,CISA,Training,Yes,No,No,No,No,No,Yes
ACE Voting Operations: Crisis management ,https://aceproject.org/ace-en/topics/vo/vog/vog02/vog02f,Violence,ACE,Knowledge,Yes,No,Yes,No,No,No,Yes
Electoral integrity: Reputation Management Strategy,https://www.aec.gov.au/About_AEC/files/electoral-integrity-reputation-management-strategy-2021.pdf,Violence,AEC,Knowledge,Yes,No,Yes,No,No,No,Yes
MONITORING AND MITIGATING ELECTORAL VIOLENCE THROUGH NONPARTISAN CITIZEN ELECTION OBSERVATION ,https://www.ndi.org/sites/default/files/Monitoring-and-Mitigating-Electoral-Conflict.pdf ,Violence,NDI,Assessment,Yes,No,No,Yes,No,No,No
The Prevention and Mitigation of Election-related Violence: An Action Guide,The Prevention and Mitigation of Election-related Violence (idea.int),Violence,IDEA ,Knowledge & assessment,Yes,No,No,Yes,No,No,No
Votes Without Violence: A Citizen Observer's Guide to Addressing Violence Against Women in Elections,https://www.ndi.org/votes-without-violence-guide ,Violence,NDI,Assessment,Yes,No,No,Yes,No,No,No
Protecting Politics: Deterring the Influence of Organized Crime on Elections,https://www.idea.int/publications/catalogue/protecting-politics-deterring-influence-organized-crime-elections?lang=en ,Violence,IDEA,Knowledge,Yes,No,No,No,Yes,No,No
Secure and Fair Elections (SAFE) Workshop: Model Curriculum | International IDEA,https://www.idea.int/publications/catalogue/secure-and-fair-elections-safe-workshop-model-curriculum ,Violence,IDEA,Training,Yes,No,No,Yes,No,No,Yes
Electoral Violence Mitigation Toolkit: Evidence from Sub-Saharan Africa,https://www.iri.org/resources/electoral-violence-mitigation-toolkit-evidence-from-sub-saharan-africa/ ,Violence,International Republican Institute,Assessment,Yes,No,No,No,No,Yes,No
Deterring Threats to Election Workers: Recommendations for the Department of Justice Election Threats Task Force,https://securingdemocracy.gmfus.org/deterring-threats-to-election-workers,Violence,"Alliance for Securing Democracy, GMF",Knowledge,No,Yes,No,No,No,Yes,No
Introducing a new tool to Predict Election-Related Violence,Introducing a new tool to Predict Election-Related Violence - Kofi Annan Foundation,Violence,Kofi Annan Foundation,Assessment,Yes,No,No,Yes,Yes,Yes,Yes
Electoral Violence: An Introduction,https://journals.sagepub.com/doi/full/10.1177/0022343319889657,Violence,"Birch, S. et al. (2020)",Knowledge,Yes,No,No,No,No,Yes,No
Making Gender Visible in Election Violence: Strategies for Data Collection,https://www.cambridge.org/core/journals/politics-and-gender/article/making-gender-visible-in-election-violence-strategies-for-data-collection/BE1D388964BB2CBA760993F5844D1D6E,Violence,"Bjarnegård, 2018",Knowledge,No,No,No,Yes,No,No,No
Electoral Violence Prevention: What Works? ,https://www.tandfonline.com/doi/full/10.1080/13510347.2017.1365841 ,Violence,"Birch, S. et al. (2017)",Knowledge,Yes,No,No,No,No,No,Yes
Introducing the Deadly Electoral Conflict Dataset (DECO),"Introducing the Deadly Electoral Conflict Dataset (DECO) - Hanne Fjelde, Kristine Höglund, 2022 (sagepub.com)",Violence,Hanne Fjelde and Kristine Höglund (2022),Assessment,Yes,No,No,No,No,Yes,No
Gender-Specific Election Violence: The Role of Information and Communication Technologies,https://stabilityjournal.org/articles/10.5334/sta.cs,Violence,Gabrielle Bardall (2013),Knowledge,Yes,No,No,Yes,Yes,Yes,Yes
The Dataset of Countries at Risk of Electoral Violence,https://www.tandfonline.com/doi/full/10.1080/09546553.2017.1364636,Violence,Sarah Birch and David Muchlinski (2020),Assessment,No,No,No,No,No,Yes,No
Time to Kill: The Impact of Election Timing on Postconflict Stability,https://www.jstor.org/stable/24545572?seq=3,Violence,"Dawn Brancati, Jack L. Snyder (2013)",Knowledge,Yes,No,No,No,No,Yes,No
Electoral Violence in Sub-Saharan Africa: Causes and Consequences,https://www.rienner.com/title/Electoral_Violence_in_Sub_Saharan_Africa_Causes_and_Consequences,Violence,Stephanie M. Burchard (2015),Knowledge,No,No,No,No,Yes,Yes,Yes
Electoral violence and the legacy of authoritarian rule in Kenya and Zambia,"Electoral violence and the legacy of authoritarian rule in Kenya and Zambia - Johan Brosché, Hanne Fjelde, Kristine Höglund, 2020 (sagepub.com)",Violence,"Johan Brosche, Hanne Fjelde and Kristine Höglund (2019)",Knowledge,No,No,No,No,No,Yes,No
Electoral Security Framework ,https://pdf.usaid.gov/pdf_docs/PNAEA453.pdf,Violence,USAID,Knowledge & assessment,Yes,Yes,No,Yes,No,No,No
Best Practices in Electoral Security,Best Practices In Electoral Security (creativeassociatesinternational.com),Violence,USAID,Knowledge,Yes,Yes,No,Yes,No,No,No
"Elections and Conflict Prevention: A Guide to Analysis, Planning, and Programming ",https://www.undp.org/publications/elections-and-conflict-prevention-guide,Violence,UNDP,Assessment,Yes,Yes,Yes,Yes,No,No,No
Elections Worth Dying For? A Selection of Case Studies from Africa,https://www.ifes.org/news/elections-worth-dying-selection-case-studies-africa,Violence,IFES,Knowledge,Yes,No,No,Yes,Yes,Yes,Yes
Electoral violence early warning and infrastructures for peace’,https://doi.org/10.1080/15423166.2013.767592,Violence,"Alihodžić, S., (2012)",Knowledge,Yes,No,No,No,No,Yes,No
Towards a More Complete Understanding of Election Violence: Introducing a Gender Lens to Electoral Conflict Research,,Violence,"Bardall, G., (2016)",Knowledge,No,No,No,No,Yes,Yes,Yes
"Electoral violence in conflict-ridden societies: concepts, causes, and consequences","Electoral Violence in Conflict-Ridden Societies: Concepts, Causes, and Consequences: Terrorism and Political Violence: Vol 21, No 3 (tandfonline.com)",Violence,"Höglund, K (2009)",Knowledge,No,No,No,No,Yes,Yes,Yes
LEAD Training ,https://www.eces.eu/en/lead-training,Violence,ECES ,Training,Yes,No,No,No,No,No,Yes
Retaining Election Officials to Secure Future Elections,https://electionlab.mit.edu/articles/retaining-election-officials-secure-future-elections,Violence,"Alliance for Securing Democracy, GMF",Knowledge,No,No,No,No,Yes,Yes,Yes
Electoral Crisis Mediation: responding to a rare but recurring challenge ,https://www.idea.int/publications/catalogue/electoral-crisis-mediation-responding-rare-recurring-challenge?lang=en ,Violence,IDEA,Knowledge,No,No,Yes,No,No,No,Yes
Gender and Violence against Political Actors,https://tupress.temple.edu/books/gender-and-violence-against-political-actors,Violence,Elin Bjarnegård and Pär Zetterberg,Knowledge,No,No,No,No,Yes,Yes,Yes
Voting System Security Measures,https://www.eac.gov/voters/election-security,Violence,U.S. EAC,Assessment,Yes,No,No,No,No,No,No
Deepening Democracy: A Strategy for Improving the Integrity of Elections Worldwide ,https://www.kofiannanfoundation.org/electoral-integrity/deepening-democracy-summary/ ,Violence,Kofi Annan Foundation,Knowledge,Yes,Yes,No,Yes,No,No,No
Guide to Risk Factors for Elections in the G5 Sahel Region: Factors Internal to the Electoral Process,https://www.idea.int/publications/catalogue/guide-risk-factors-elections-g5-sahel-region-internal-factors ,Violence,IDEA,Assessment,Yes,No,No,Yes,No,No,No
Electoral integrity: Reputation Management Strategy,https://www.aec.gov.au/About_AEC/files/electoral-integrity-reputation-management-strategy-2021.pdf,Malicious Online Actions,AEC,Knowledge,Yes,No,Yes,No,No,No,Yes
UNDERSTANDING CYBERSECURITY THROUGHOUT THE ELECTORAL PROCESS: A REFERENCE DOCUMENT,https://www.ifes.org/document/understanding-cybersecurity-throughout-electoral-process-reference-document-overview-cyber,Malicious Online Actions,IFES,Knowledge,Yes,No,Yes,No,No,No,No
ELECTION INFRASTRUCTURE CYBER RISK ASSESSMENT,https://www.cisa.gov/sites/default/files/publications/cisa-election-infrastructure-cyber-risk-assessment_508.pdf,Malicious Online Actions,the U.S. Department of Homeland Security (DHS) Cybersecurity and Infrastructure Security Agency’s (CISA’s),Knowledge,Yes,No,Yes,No,No,No,Yes
Chapter 4: EMB Risk Mitigation Across the Electoral Process,https://www.ifes.org/document/chapter-4-emb-risk-mitigation-across-electoral-process,Malicious Online Actions,IFES,Knowledge,Yes,No,No,No,No,No,No
Primer: Cybersecurity and Elections,https://www.usaid.gov/sites/default/files/2023-01/Primer-Cybersecurity-Election.pdf ,Malicious Online Actions,USAID,Knowledge,Yes,Yes,Yes,No,No,No,Yes
UNDERSTANDING CYBERSECURITY THROUGHOUT THE ELECTORAL PROCESS: A REFERENCE DOCUMENT An Overview of Cyber Threats and Vulnerabilities in Elections,https://www.usaid.gov/sites/default/files/2023-01/Understanding-Cybersecurity-Throughout-the-Electoral-Process_1.pdf ,Malicious Online Actions,DAI/IFES ,Knowledge,Yes,No,No,No,No,No,Yes
Briefing Paper: Cybersecurity and Voter Registration,https://pdf.usaid.gov/pdf_docs/PA00ZK6G.pdf ,Malicious Online Actions,"USAID, DAI & IFES",Knowledge,Yes,Yes,No,No,No,No,Yes
Professional Certificate in Dealing with Cyber Influence Activities during Elections by External Actors,https://www.parlicentre.org/courses/cybersecurity,Malicious Online Actions,International Centre for Parliamentary Studies,Training,Yes,Yes,No,No,No,No,Yes
Advanced Masterclass in Cyber Electoral Security,https://parlicentre.org/courses/election-security-cyber-training,Malicious Online Actions,International Centre for Parliamentary Studies,Training,Yes,No,No,No,No,No,No
Cybersecurity in Elections: Models of Interagency Collaboration,https://www.idea.int/publications/catalogue/cybersecurity-in-elections ,Malicious Online Actions,IDEA,Knowledge,Yes,Yes,Yes,No,No,Yes,No
Cybersecurity Toolkit to Protect Elections | CISA,https://www.cisa.gov/cybersecurity-toolkit-and-resources-protect-elections,Malicious Online Actions,CISA,Assessment,Yes,Yes,Yes,No,No,No,Yes
Disinformation and Electoral Integrity,https://www.ndi.org/sites/default/files/Disinformation%20and%20Electoral%20Integrity_NDI_External_Updated%20May%202019%20%281%29.pdf  ,Malicious Online Actions,NDI,Assessment,Yes,No,No,No,No,No,No
The GCA Cybersecurity Toolkit for Elections,https://gcatoolkit.org/elections/ ,Malicious Online Actions,CIS,Assessment,No,Yes,No,No,No,No,Yes
"Social Media, Disinformation and Electoral Integrity ",https://www.ifes.org/publications/social-media-disinformation-and-electoral-integrity ,Malicious Online Actions,IFES,Knowledge,Yes,Yes,Yes,Yes,No,No,No
"Cyberattacks, Foreign Interference, and Digital Infrastructure: Conducting Secure Elections Amid a Pandemic",https://securingdemocracy.gmfus.org/conducting-secure-elections-amid-a-pandemic,Malicious Online Actions,"Alliance for Securing Democracy, GMF",Knowledge,Yes,Yes,No,No,No,No,Yes
Cybersecurity for Election Officials,https://www.techandciviclife.org/course/cybersecurity/,Malicious Online Actions,The Center for Technology and Civic Life,Training,No,Yes,No,No,No,No,Yes
PROTECTING ELECTORAL INTEGRITY IN THE DIGITAL AGE,85ef4e5d-kaf-kacedda-report_2020_english.pdf (kofiannanfoundation.org),Malicious Online Actions,Kofi Annan Commission on Elections and Democracy in the Digital Age,Knowledge,Yes,Yes,No,Yes,No,No,No
Electoral Integrity Global Report ,,Malicious Online Actions,Electoral Integrity Project,Knowledge,No,No,No,No,Yes,Yes,Yes
Cyber elections in the digital age: Threats and opportunities of technology for electoral integrity’ ,http://doi.org/10.1089/elj.2020.0633,Malicious Online Actions,"Garnett, H. and James, T. S., (2020)",Knowledge,No,No,No,No,Yes,No,No
Cyber security in Elections: Developing a Holistic Exposure and Adaptation Testing Process (HEAT) for Election Management Bodies ,2018_heat_cybersecurity_in_elections.pdf (ifes.org),Malicious Online Actions,IFES,Knowledge,Yes,Yes,No,No,No,No,Yes
Disinformation Campaigns and Hate Speech: Exploring the Relationship and Programming Interventions,https://www.ifes.org/publications/disinformation-campaigns-and-hate-speech-exploring-relationship-and-programming,Malicious Online Actions,IFES,Knowledge,Yes,No,No,No,No,Yes,No
CISA Election Security Training ,https://www.eac.gov/election-officials/election-security-preparedness,Malicious Online Actions,CISA,,Yes,Yes,Yes,No,No,No,Yes
Countering Hate Speech in Elections: Strategies for Electoral Management Bodies ,https://www.ifes.org/publications/countering-hate-speech-elections-strategies-electoral-management-bodies ,Malicious Online Actions,IFES,Knowledge,Yes,Yes,No,Yes,No,No,No
The Election Official’s Handbook: Six steps local officials can take to safeguard America’s election systems,https://securingdemocracy.gmfus.org/the-election-officials-handbook-six-steps-local-officials-can-take-to-safeguard-americas-election-system,Malicious Online Actions,"Alliance for Securing Democracy, GMF",Knowledge,Yes,Yes,No,No,No,No,Yes
USAID's New Electoral Assessment Framework: A Blueprint for Assessing Challenges and Opportunities in Elections and Political Processes ,https://usaidlearninglab.org/resources/usaids-new-electoral-assessment-framework-blueprint-assessing-challenges-and,Malicious Online Actions,USAID,Assessment,Yes,No,Yes,Yes,No,No,No
Perceptions of Electoral Fairness and Voter Turnout,https://doi.org/10.1177/0010414010374021,Lack of Trust,Sarah Birch (2010),Knowledge,No,No,No,No,Yes,Yes,Yes
How election dynamics shape perceptions of electoral integrity,http://www.sciencedirect.com/science/article/pii/S0261379416303559,Lack of Trust,"Frank, Richard W., and Ferran Martínez i Coma. 2017.",Knowledge,No,No,No,No,No,Yes,No
Trusting the Vote: Establishing a Presidential Commission on Election Resilience and Trust,https://securingdemocracy.gmfus.org/presidential-commission-on-election-resilience-and-trust,Lack of Trust,"Alliance for Securing Democracy, GMF",Knowledge,No,Yes,No,No,No,No,Yes
Enhancing the Security of Electronic Pollbooks is Essential for Election Integrity,https://securingdemocracy.gmfus.org/enhancing-the-security-of-electronic-pollbooks-is-essential-for-election-integrity,Lack of Trust,"Alliance for Securing Democracy, GMF",Knowledge,Yes,No,Yes,No,No,No,Yes
"The Year in Elections, 2015: The Expert Survey on Perception of Electoral Integrity ",/https://dash.harvard.edu/bitstream/handle/1/27030113/The_Year_in_Elections_2015_pages.compressed.pdf?sequence=1&isAllowed=y,Lack of Trust,"Norris P., Martínez i Coma, F., Nai, A. and Grömping M (2016)",Knowledge,No,No,No,No,Yes,Yes,Yes
Election administration and perceptions of fair elections,https://www.sciencedirect.com/science/article/abs/pii/S0261379415000062,Lack of Trust,"Shaun Bowler, Thomas Brunell, Todd Donovan, Paul Gronke (2015)",Knowledge,No,No,No,No,No,No,Yes
Introducing Electronic Voting: Essential Considerations,http://www.eods.eu/library/IDEA.Introducing-Electronic-Voting-Essential-Considerations.pdf,Lack of Trust,IDEA,Knowledge,No,No,No,No,No,No,No
Dial ‘F’ for fraud: Explaining citizens suspicions about elections,https://www.sciencedirect.com/science/article/pii/S0261379417302792?via%3Dihub,Lack of Trust,"Karp, Jeffrey A, Alessandro Nai, and Pippa Norris. 2018. ",Knowledge,No,No,No,No,No,Yes,No
Confidence in elections and the acceptance of results,https://www.kofiannanfoundation.org/supporting-democracy-and-elections-with-integrity/confidence-elections/ ,Lack of Trust,Kofi Annan Foundation,Knowledge,Yes,No,No,No,No,Yes,No
Parliamentary Elections in Sri Lanka During COVID-19: Case Study on Crisis Management in Elections,https://www.ifes.org/publications/parliamentary-elections-sri-lanka-during-covid-19-case-study-crisis-management,Disasters,IFES,Knowledge,Yes,Yes,Yes,Yes,No,No,Yes
The Impact of Natural Hazards on Elections,https://www.idea.int/news-media/multimedia-reports/impact-natural-hazards-elections,Disasters,IDEA,Knowledge,No,No,Yes,No,No,No,Yes
ELECTORAL PROCESSES: NAVIGATING AND EMERGING FROM CRISIS,https://www.idea.int/gsod-2021/sites/default/files/2021-11/electoral-processes-gsod2021.pdf ,Disasters,IDEA,Knowledge,Yes,Yes,Yes,No,No,No,No
ACE Voting Operations: Crisis management ,https://aceproject.org/main/english/po/poh02f.htm,Disasters,ACE,Knowledge,Yes,No,Yes,No,No,No,Yes
"""Lessons learned from the impact of the COVID-19 health crisis on electoral processes"" ",https://www.coe.int/en/web/electoral-management-bodies-conference/concept-paper-2021,Disasters,COE,Knowledge,No,Yes,Yes,No,No,Yes,No
Electoral integrity: Reputation Management Strategy,https://www.aec.gov.au/About_AEC/files/electoral-integrity-reputation-management-strategy-2021.pdf,Disasters,AEC,Knowledge,Yes,No,Yes,No,No,No,Yes
Elections and COVID-19,https://www.idea.int/publications/catalogue/elections-and-covid-19,Disasters,IDEA,Knowledge,Yes,Yes,No,No,No,No,Yes
Managing Elections during the COVID-19 Pandemic: Considerations for Decision-makers ,https://www.idea.int/publications/catalogue/managing-elections-during-covid-19-pandemic-considerations-decision-makers?lang=en ,Disasters,IDEA,Knowledge,Yes,Yes,Yes,No,No,No,Yes
IFES COVID-19 Briefing Series: Legal Considerations When Delaying or Adapting Elections ,https://www.ifes.org/publications/ifes-covid-19-briefing-series-legal-considerations-when-delaying-or-adapting-elections ,Disasters,IFES,Knowledge,No,Yes,Yes,Yes,Yes,No,No
IFES COVID-19 Briefing Series: Safeguarding Health and Elections ,https://www.ifes.org/publications/ifes-covid-19-briefing-series-safeguarding-health-and-elections ,Disasters,IFES,Knowledge,Yes,No,No,No,No,No,Yes
Ensuring Safe Elections: Federal Funding Needs for State and Local Governments During the Pandemic,https://securingdemocracy.gmfus.org/ensuring-safe-elections-federal-funding-needs-for-state-and-local-governments-during-the-pandemic,Disasters,"Alliance for Securing Democracy, GMF",Knowledge,No,No,No,No,No,Yes,No
Electoral Integrity Global Report ,https://www.electoralintegrityproject.com/reports,Disasters,Electoral Integrity Project,Knowledge,No,No,No,No,No,No,Yes
ELECTIONS DURING EMERGENCIES AND CRISES Lessons for Electoral Integrity from the Covid-19 Pandemic,https://www.idea.int/publications/catalogue/elections-during-emergencies-and-crises?lang=en,Disasters,IDEA,Knowledge,Yes,Yes,Yes,Yes,No,No,No
Do Pandemics Shape Elections? Retrospective voting in the 1918 Spanish Flu Pandemic in the United States,https://papers.ssrn.com/sol3/papers.cfm?abstract_id=3783893,Disasters,"Abad, A. L. and Maurer, N (2021)",Knowledge,No,No,No,No,Yes,Yes,Yes
‘Democracy and elections amid the COVID 19 pandemic: The case of Burundi’,https://www.tandfonline.com/doi/abs/10.1080/19392206.2021.2009655,Disasters,"Ayandele, O., Agwanda, B., Amankwa, M. O., Dagba, G., and Nyadera, (2021)",Knowledge,No,No,No,No,Yes,Yes,Yes
"How to hold elections safely and democratically during the Covid-19 pandemic’, ",https://www.thebritishacademy.ac.uk/publications/covid-19-how-to-hold-elections-safely-democratically-during-pandemic/,Disasters,"Birch, S. et al., (2021)",Knowledge,Yes,Yes,No,No,No,No,No
Campaign-style crisis regime: How China responded to the shock of Covid-19,https://www.tandfonline.com/doi/abs/10.1080/01442872.2021.1883576,Disasters,"Cai, C., Jiang, W. and Tang, W (2022)",Knowledge,No,No,Yes,No,No,Yes,No
New development: Running elections during a pandemic,https://www.tandfonline.com/doi/abs/10.1080/09540962.2020.1783084?journalCode=rpmm20,Disasters,"James, T. S. (2020)",Knowledge,Yes,No,No,No,Yes,Yes,Yes
"When is it democratic to postpone an election? Elections during natural disasters, Covid-19 and emergency situations’",https://ueaeprints.uea.ac.uk/id/eprint/76320/1/Elections_and_emergencies_5.00_AAV_JAMES.pdf,Disasters,"James, T. S. and Alihodzic, S (2020)",Knowledge,Yes,Yes,Yes,No,No,No,Yes
Procedures for Voting in Parliamentary Elections during the Covid-19 Pandemic: Examples from Selected Countries’,https://m.knesset.gov.il/EN/activity/mmm/ProceduresforVotinginParliamentaryElectionsduringCovid.pdf,Disasters,Knesset Research and Information Center (2021),Knowledge,No,Yes,No,No,Yes,Yes,Yes
"‘Pandemic democracy: Elections and Covid-19’, ",https://doi.org/10.1080/13669877.2020.1765003,Disasters,"andman, T. and Splendore, L.D.G (2020)",Knowledge,Yes,No,No,No,Yes,Yes,Yes
Communicating safety precautions can help maintain in-person voter turnout during a pandemic,https://doi.org/10.1016/j.electstud.2021.102421,Disasters,"Merkley, E. et al. (2022)",Knowledge,Yes,No,No,No,No,No,Yes
 ‘Electoral governance and human rights amid pandemics in Africa: Key lessons from the early COVID-19 experience’,https://www.cambridge.org/core/journals/journal-of-african-law/article/electoral-governance-and-human-rights-amid-pandemics-in-africa-key-lessons-from-the-early-covid19-experience/C366AA485E9A50C06D391E4FAD6CB308,Disasters,"Mohee, M., (2021)",Knowledge,Yes,No,No,No,No,Yes,No
How an election can be safely planned and conducted during a pandemic: Decision support based on a discrete event model,https://journals.plos.org/plosone/article?id=10.1371/journal.pone.0261016,Disasters,"Weibrecht, N., Rößler, M., Bicher, M., Emrich, Š., Zauner, G., and Popper, N. (2021)",Knowledge,Yes,No,No,No,No,No,Yes
Out-of-Country Voting in Post-Conflict Elections,https://aceproject.org/today/feature-articles/out-of-country-voting-in-post-conflict-elections,Disasters,ACE ,Knowledge,No,No,No,No,No,Yes,No
Alternative voting methods and arrangements,https://www.osce.org/odihr/elections/466794 ,Disasters,OSCE,Knowledge,Yes,Yes,No,No,No,Yes,No
Inclusive Electoral Processes - A Guide for Electoral Management Bodies on Promoting Gender Equality and Women’s Participation ,https://www.unwomen.org/en/digital-library/publications/2015/7/inclusive-electoral-processes,Marginalization,UNDP & UN WOMEN,Assessment,Yes,No,No,Yes,No,No,Yes
Gender Equality & Election Management Bodies: A Best Practices Guide ,https://www.ifes.org/publications/gender-equality-election-management-bodies-best-practices-guide#,Marginalization,IFES,Knowledge,Yes,No,No,Yes,No,No,Yes
"Violence Against Women in Elections: A Framework for Assessment, Monitoring, and Response",https://www.ifes.org/publications/violence-against-women-elections-framework,Marginalization,USAID & IFES,Knowledge,Yes,Yes,Yes,Yes,No,No,Yes
Violence Against Women in Elections Online: A Social Media Analysis Tool,https://www.ifes.org/publications/violence-against-women-elections-online-social-media-analysis-tool,Marginalization,USAID & IFES & NDI,Knowledge,Yes,Yes,No,Yes,Yes,Yes,Yes
Votes Without Violence: A Citizen Observer's Guide to Addressing Violence Against Women in Elections,https://www.ndi.org/votes-without-violence-guide ,Marginalization,NDI,Assessment,Yes,No,No,Yes,No,No,No
A framework for developing internal gender policies for electoral management bodies ,https://www.idea.int/publications/catalogue/framework-developing-internal-gender-policies-electoral-management-bodies?lang=en ,Marginalization,IDEA,Assessment,Yes,Yes,No,Yes,No,No,Yes
Enhancing women's political participation in the electoral cycle,https://elearning.ec-undp-electoralassistance.org/,Marginalization,UNDP,Training,No,Yes,No,Yes,No,No,Yes
Election Management Training Course (EMT 20),https://www.kaiptc.org/kaiptc-course/emt20/ ,Marginalization,KAIPTC ,Training,Yes,No,No,Yes,No,No,Yes
Political Participation of Women and Men with Disabilities in Tunisia: An IFES Assessment ,https://www.ifes.org/publications/political-participation-women-and-men-disabilities-tunisia-ifes-assessment ,Marginalization,IFES,Knowledge,Yes,No,No,Yes,No,No,No
Gender and elections,,Marginalization,ACE,Knowledge,Yes,No,No,Yes,Yes,Yes,Yes
The Effect of Violence on Women’s Electoral and Political Participation in Bangladesh,https://www.ifes.org/publications/effect-violence-womens-electoral-and-political-participation-bangladesh ,Marginalization,IFES,Knowledge,Yes,No,No,Yes,No,No,No
Promoting Gender Equality in Electoral Assistance,https://www.undp.org/publications/promoting-gender-equality-electoral-assistance,Marginalization,UNDP,Knowledge,Yes,No,No,Yes,No,No,No
Preventing violence against women in Elections: A programming guide,https://www.undp.org/publications/preventing-violence-against-women-elections-programming-guide,Marginalization,UNDP & UN WOMEN,Assessment,Yes,No,No,Yes,No,No,No
Gender Assessment of the 2021 Electoral Process in Puntland,https://fba.se/om-fba/publikationer/gender-assessment-of-the-2021-electoral-process-in-puntland/,Marginalization,FBA,Assessment,Yes,No,No,Yes,No,No,No
Political Parties and Gender Quota Implementation: The Role of Bureaucratized Candidate Selection Procedures,https://www.ingentaconnect.com/contentone/cuny/cp/2016/00000048/00000003/art00007;jsessionid=281g5aekpi826.x-ic-live-03,Marginalization,"Bjarnegård, Elin; Zetterberg, Pär (2016)",Knowledge,No,No,No,Yes,Yes,No,No
Overcoming Political Exclusion: Strategies for Marginalized Groups to Successfully Engage in Political Decision-making ,https://www.idea.int/publications/catalogue/overcoming-political-exclusion-strategies-marginalized-groups,Marginalization,IDEA,Knowledge,Yes,No,No,Yes,Yes,Yes,Yes
 Gender Integration in DRG Programming Toolkit,/https://2017-2020.usaid.gov/sites/default/files/documents/2496/Gender%20Toolkit.pdf,Marginalization,USAID,Assessment,Yes,No,Yes,Yes,No,No,No
 Democracy and the Challenge of Change: A Guide to Increasing Women’s Political Participation ,https://www.ndi.org/Democracy_and_the_Challenge_of_Change,Marginalization,NDI,Knowledge & assessment,No,No,No,Yes,No,No,No
 Equal Access: How to Include Persons with Disabilities in Elections and Political Processes ,https://www.ifes.org/publications/equal-access-how-include-persons-disabilities-elections-and-political-processes,Marginalization,IFES & NDI,Knowledge,Yes,No,No,Yes,No,No,No
Youth and DRG Toolkit,https://www.youthpower.org/youth-inclusion-drg-toolkit,Marginalization,USAID,Assessment,No,No,No,Yes,No,No,No
Risk Management in Elections: A Guide for Electoral Management Bodies,https://www.idea.int/publications/catalogue/risk-management-elections-guide-electoral-management-bodies,Uncategorized,IDEA & AEC,Assessment,Yes,No,Yes,No,No,No,Yes
Electoral Risk Management Tool: Internal Factors Guide,https://www.idea.int/publications/catalogue/electoral-risk-management-tool-internal-factors-guide  ,Uncategorized,IDEA,Assessment,Yes,No,No,Yes,Yes,Yes,Yes
Electoral Risk Management Tool: External Factors Guide,https://www.idea.int/publications/catalogue/electoral-risk-management-tool-external-factors-guide,Uncategorized,IDEA,Assessment,Yes,No,No,Yes,Yes,Yes,Yes
Electoral Risk Management Tool  ,https://www.idea.int/data-tools/tools/electoral-risk-management-tool,Uncategorized,IDEA,Assessment,Yes,No,No,Yes,No,No,Yes
Electoral Integrity Framework,https://www.elections.ca/content.aspx?section=abo&dir=fra&document=index&lang=e,Uncategorized,Elections Canada ,Knowledge,Yes,No,No,No,No,No,Yes
Guide_mise_en_oeuvre_GIR (1),,Uncategorized,RECEF,Knowledge,Yes,No,No,No,Yes,Yes,Yes
"Risk Management in Elections, Policy Paper No. 14 ",https://www.idea.int/publications/catalogue/risk-management-elections,Uncategorized,IDEA,Knowledge,Yes,No,No,Yes,Yes,Yes,Yes
Why elections fail,https://books.google.se/books?hl=en&lr=&id=dzEZCgAAQBAJ&oi=fnd&pg=PR9&dq=%E2%80%98Election+administration+and+perceptions+of+fair+elections&ots=_OCqB6olKc&sig=6zbmnsStsvOOWCT6Tkspar47OGQ&redir_esc=y#v=onepage&q=%E2%80%98Election%20administration%20and%20perceptions%20of%20fair%20elections&f=false,Uncategorized,Pippa Norris (2015),Knowledge,No,No,No,No,Yes,Yes,Yes
Electoral integrity in Africa,https://www.electoralintegrityproject.com/electoral-integrity-in-africa,Uncategorized,Max Grömping & Dr. Ferran Martínez i Coma (2015),Knowledge,No,No,No,No,Yes,Yes,Yes
Conclusions: The new research agenda on electoral management,https://journals.sagepub.com/doi/abs/10.1177/0192512119829869,Uncategorized,"Norris, P. (2019). ",Assessment,No,No,No,No,No,Yes,No
An Overview of the Electoral Risk Management Tool ,https://www.idea.int/sites/default/files/tools/Overview-Electoral-Risk-Management-Tool.pdf,Uncategorized,IDEA,Knowledge,Yes,No,No,No,Yes,Yes,Yes
Professional Certificate in Management of Electoral Processes,https://parlicentre.org/courses/management-of-electoral-processes,Uncategorized,International Centre for Parliamentary Studies,Training,No,No,No,No,No,No,Yes